{
    "name": "root",
    "gauges": {
        "PushButton.Policy.Entropy.mean": {
            "value": 2.845747232437134,
            "min": 2.801474094390869,
            "max": 2.8757238388061523,
            "count": 3
        },
        "PushButton.Policy.Entropy.sum": {
            "value": 142173.53125,
            "min": 140129.734375,
            "max": 144453.359375,
            "count": 3
        },
        "PushButton.Step.mean": {
            "value": 149998.0,
            "min": 49959.0,
            "max": 149998.0,
            "count": 3
        },
        "PushButton.Step.sum": {
            "value": 149998.0,
            "min": 49959.0,
            "max": 149998.0,
            "count": 3
        },
        "PushButton.Policy.ExtrinsicValueEstimate.mean": {
            "value": -0.10836911201477051,
            "min": -0.1202818751335144,
            "max": -0.06761059910058975,
            "count": 3
        },
        "PushButton.Policy.ExtrinsicValueEstimate.sum": {
            "value": -84.74464416503906,
            "min": -94.78211975097656,
            "max": -54.08848190307617,
            "count": 3
        },
        "PushButton.Environment.EpisodeLength.mean": {
            "value": 3557.0,
            "min": 869.7435897435897,
            "max": 3557.0,
            "count": 3
        },
        "PushButton.Environment.EpisodeLength.sum": {
            "value": 3557.0,
            "min": 3557.0,
            "max": 36053.0,
            "count": 3
        },
        "PushButton.Environment.CumulativeReward.mean": {
            "value": -7.0,
            "min": -7.0,
            "max": -3.6666666666666665,
            "count": 3
        },
        "PushButton.Environment.CumulativeReward.sum": {
            "value": -7.0,
            "min": -203.0,
            "max": -7.0,
            "count": 3
        },
        "PushButton.Policy.ExtrinsicReward.mean": {
            "value": -7.0,
            "min": -7.0,
            "max": -3.6666666666666665,
            "count": 3
        },
        "PushButton.Policy.ExtrinsicReward.sum": {
            "value": -7.0,
            "min": -203.0,
            "max": -7.0,
            "count": 3
        },
        "PushButton.Losses.PolicyLoss.mean": {
            "value": 0.024661720604247723,
            "min": 0.02302864719124045,
            "max": 0.024661720604247723,
            "count": 3
        },
        "PushButton.Losses.PolicyLoss.sum": {
            "value": 0.12330860302123861,
            "min": 0.09608081044449743,
            "max": 0.12330860302123861,
            "count": 3
        },
        "PushButton.Losses.ValueLoss.mean": {
            "value": 0.04606120242834246,
            "min": 0.04606120242834246,
            "max": 0.3852061356883496,
            "count": 3
        },
        "PushButton.Losses.ValueLoss.sum": {
            "value": 0.2303060121417123,
            "min": 0.2303060121417123,
            "max": 1.5408245427533984,
            "count": 3
        },
        "PushButton.Policy.LearningRate.mean": {
            "value": 0.00022604930465024002,
            "min": 0.00022604930465024002,
            "max": 0.0002845968051344,
            "count": 3
        },
        "PushButton.Policy.LearningRate.sum": {
            "value": 0.0011302465232512,
            "min": 0.0011302465232512,
            "max": 0.0012844230718589997,
            "count": 3
        },
        "PushButton.Policy.Epsilon.mean": {
            "value": 0.17534976000000002,
            "min": 0.17534976000000002,
            "max": 0.19486560000000003,
            "count": 3
        },
        "PushButton.Policy.Epsilon.sum": {
            "value": 0.8767488000000001,
            "min": 0.7794624000000001,
            "max": 0.928141,
            "count": 3
        },
        "PushButton.Policy.Beta.mean": {
            "value": 0.0037699530240000003,
            "min": 0.0037699530240000003,
            "max": 0.00474379344,
            "count": 3
        },
        "PushButton.Policy.Beta.sum": {
            "value": 0.01884976512,
            "min": 0.01884976512,
            "max": 0.021414235900000002,
            "count": 3
        },
        "PushButton.IsTraining.mean": {
            "value": 1.0,
            "min": 1.0,
            "max": 1.0,
            "count": 3
        },
        "PushButton.IsTraining.sum": {
            "value": 1.0,
            "min": 1.0,
            "max": 1.0,
            "count": 3
        }
    },
    "metadata": {
        "timer_format_version": "0.1.0",
        "start_time_seconds": "1703419561",
        "python_version": "3.9.13 (main, Aug 25 2022, 23:51:50) [MSC v.1916 64 bit (AMD64)]",
        "command_line_arguments": "C:\\Users\\Reaster\\anaconda3\\Scripts\\mlagents-learn --run-id=Test2",
        "mlagents_version": "0.30.0",
        "mlagents_envs_version": "0.30.0",
        "communication_protocol_version": "1.5.0",
        "pytorch_version": "2.1.1+cpu",
        "numpy_version": "1.21.2",
        "end_time_seconds": "1703420129"
    },
    "total": 567.8317056,
    "count": 1,
    "self": 0.00987309999993613,
    "children": {
        "run_training.setup": {
            "total": 0.21771100000000043,
            "count": 1,
            "self": 0.21771100000000043
        },
        "TrainerController.start_learning": {
            "total": 567.6041215,
            "count": 1,
            "self": 1.2621093999990762,
            "children": {
                "TrainerController._reset_env": {
                    "total": 13.644589500000002,
                    "count": 1,
                    "self": 13.644589500000002
                },
                "TrainerController.advance": {
                    "total": 552.3620816000009,
                    "count": 41489,
                    "self": 1.3167003000057775,
                    "children": {
                        "env_step": {
                            "total": 469.92317139999255,
                            "count": 41489,
                            "self": 368.5556707999969,
                            "children": {
                                "SubprocessEnvManager._take_step": {
                                    "total": 100.52138889999843,
                                    "count": 41490,
                                    "self": 3.814423099997555,
                                    "children": {
                                        "TorchPolicy.evaluate": {
                                            "total": 96.70696580000087,
                                            "count": 41448,
                                            "self": 96.70696580000087
                                        }
                                    }
                                },
                                "workers": {
                                    "total": 0.846111699997234,
                                    "count": 41488,
                                    "self": 0.0,
                                    "children": {
                                        "worker_root": {
                                            "total": 452.10862829999945,
                                            "count": 41488,
                                            "is_parallel": true,
                                            "self": 244.40895009999733,
                                            "children": {
                                                "steps_from_proto": {
                                                    "total": 0.0028710000000025104,
                                                    "count": 2,
                                                    "is_parallel": true,
                                                    "self": 0.0023180000000024847,