{
    "name": "root",
    "metadata": {
        "timer_format_version": "0.1.0",
        "start_time_seconds": "1703597086",
        "python_version": "3.9.13 (main, Aug 25 2022, 23:51:50) [MSC v.1916 64 bit (AMD64)]",
        "command_line_arguments": "C:\\Users\\Reaster\\anaconda3\\Scripts\\mlagents-learn --run-id=test5",
        "mlagents_version": "0.30.0",
        "mlagents_envs_version": "0.30.0",
        "communication_protocol_version": "1.5.0",
        "pytorch_version": "2.1.1+cpu",
        "numpy_version": "1.21.2",
        "end_time_seconds": "1703597216"
    },
    "total": 129.7424404,
    "count": 1,
    "self": 0.011925500000018019,
    "children": {
        "run_training.setup": {
            "total": 0.21654850000000003,
            "count": 1,
            "self": 0.21654850000000003
        },
        "TrainerController.start_learning": {
            "total": 129.5139664,
            "count": 1,
            "self": 0.1220692999998505,
            "children": {
                "TrainerController._reset_env": {
                    "total": 16.904443099999998,
                    "count": 1,
                    "self": 16.904443099999998
                },
                "TrainerController.advance": {
                    "total": 112.1646448000001,
                    "count": 3525,
                    "self": 0.1449597000002001,
                    "children": {
                        "env_step": {
                            "total": 110.7296045999998,
                            "count": 3525,
                            "self": 93.75281239999985,
                            "children": {
                                "SubprocessEnvManager._take_step": {
                                    "total": 16.895513900000196,
                                    "count": 3525,
                                    "self": 0.7146356000000083,
                                    "children": {
                                        "TorchPolicy.evaluate": {
                                            "total": 16.180878300000188,
                                            "count": 6742,
                                            "self": 16.180878300000188
                                        }
                                    }
                                },
                                "workers": {
                                    "total": 0.08127829999975233,
                                    "count": 3524,
                                    "self": 0.0,
                                    "children": {
                                        "worker_root": {
                                            "total": 45.55831920000016,
                                            "count": 3524,
                                            "is_parallel": true,
                                            "self": 25.501891200000117,
                                            "children": {
                                                "steps_from_proto": {
                                                    "total": 0.0008660999999996477,
                                                    "count": 2,
                                                    "is_parallel": true,
                                                    "self": 0.0005215000000013958,
                                                    "children": {
                                                        "_process_rank_one_or_two_observation": {
                                                            "total": 0.00034459999999825186,
                                                            "count": 4,
                                                            "is_parallel": true,
                                                            "self": 0.00034459999999825186
                                                        }
                                                    }
                                                },
                                                "UnityEnvironment.step": {
                                                    "total": 20.055561900000047,
                                                    "count": 3524,
                                                    "is_parallel": true,
                                                    "self": 0.5415085000001731,
                                                    "children": {
                                                        "UnityEnvironment._generate_step_input": {
                                                            "total": 0.5137954000001308,
                                                            "count": 3524,
                                                            "is_parallel": true,
                                                            "self": 0.5137954000001308
                                                        },
                                                        "communicator.exchange": {
                                                            "total": 16.828304300000077,
                                                            "count": 3524,
                                                            "is_parallel": true,
                                                            "self": 16.828304300000077
                                                        },
                                                        "steps_from_proto": {
                                                            "total": 2.1719536999996656,
                                                            "count": 7048,
                                                            "is_parallel": true,
                                                            "self": 1.4085219999997136,
                                                            "children": {
                                                                "_process_rank_one_or_two_observation": {
                                                                    "total": 0.763431699999952,
                                                                    "count": 14096,
                                                                    "is_parallel": true,
                                                                    "self": 0.763431699999952
                                                                }
                                                            }
                                                        }
                                                    }
                                                }
                                            }
                                        }
                                    }
                                }
                            }
                        },
                        "trainer_advance": {
                            "total": 1.2900805000001014,
                            "count": 7048,
                            "self": 0.18939080000036412,
                            "children": {
                                "process_trajectory": {
                                    "total": 1.1006896999997373,
                                    "count": 7048,
                                    "self": 1.1006896999997373
                                }
                            }
                        }
                    }
                },
                "TrainerController._save_models": {
                    "total": 0.3228092000000231,
                    "count": 1,
                    "self": 0.026603599999987182,
                    "children": {
                        "RLTrainer._checkpoint": {
                            "total": 0.29620560000003593,
                            "count": 2,
                            "self": 0.29620560000003593
                        }
                    }
                }
            }
        }
    }
}